image_path,condition,pre_processing_time,find_contours_time,total_processing_time
D:\code\ai_cytometry\data\example_exported_data\opencv_images\1\temp_combined\task_100_44bc66b3-1.0047.png,temp_combined,1.7944999999599531,0.43259999984002206,2.230000000054133
D:\code\ai_cytometry\data\example_exported_data\opencv_images\1\temp_combined\task_101_af579c2e-1.0048.png,temp_combined,0.8701000006112736,0.47560000166413374,1.3486999996530358
D:\code\ai_cytometry\data\example_exported_data\opencv_images\1\temp_combined\task_102_d2de71cb-1.0049.png,temp_combined,0.44239999988349155,0.40720000106375664,0.8522000007360475
D:\code\ai_cytometry\data\example_exported_data\opencv_images\1\temp_combined\task_103_af80fa25-1.0050.png,temp_combined,0.5242999995971331,0.32699999974283855,0.8529999995516846
D:\code\ai_cytometry\data\example_exported_data\opencv_images\1\temp_combined\task_104_f5abf5cc-1.0051.png,temp_combined,0.7487999992008554,0.42949999988195486,1.1805000012827804
D:\code\ai_cytometry\data\example_exported_data\opencv_images\1\temp_combined\task_105_4c6cfab8-1.0052.png,temp_combined,0.45619999946211465,0.1498000001447508,0.608000000283937
D:\code\ai_cytometry\data\example_exported_data\opencv_images\1\temp_combined\task_106_418c7a9c-1.0053.png,temp_combined,0.7129999994504033,0.1277999999729218,0.8425999985774979
D:\code\ai_cytometry\data\example_exported_data\opencv_images\1\temp_combined\task_107_aa812af1-1.0054.png,temp_combined,0.36670000008598436,0.07920000098238233,0.4476000012800796
D:\code\ai_cytometry\data\example_exported_data\opencv_images\1\temp_combined\task_108_21e65f50-1.0055.png,temp_combined,0.35209999987273477,0.10520000068936497,0.45899999895482324
D:\code\ai_cytometry\data\example_exported_data\opencv_images\1\temp_combined\task_109_65e43ce0-1.0056.png,temp_combined,0.3691000001708744,0.10800000018207356,0.47869999980321154
D:\code\ai_cytometry\data\example_exported_data\opencv_images\1\temp_combined\task_110_7c5e03d8-1.0057.png,temp_combined,0.5409999994299142,0.08890000026440248,0.6321000000752974
D:\code\ai_cytometry\data\example_exported_data\opencv_images\1\temp_combined\task_111_52891754-1.0058.png,temp_combined,0.37510000038309954,0.14689999989059288,0.5243999985395931
D:\code\ai_cytometry\data\example_exported_data\opencv_images\1\temp_combined\task_112_afb29054-1.0059.png,temp_combined,0.42269999903510325,0.12539999988803174,0.550900000234833
D:\code\ai_cytometry\data\example_exported_data\opencv_images\1\temp_combined\task_113_b4f5f70e-1.0060.png,temp_combined,0.6542999999510357,0.12450000031094532,0.7832999999664025
D:\code\ai_cytometry\data\example_exported_data\opencv_images\1\temp_combined\task_114_26004e56-1.0061.png,temp_combined,0.3802999999606982,0.1723000004858477,0.5544000014197081
D:\code\ai_cytometry\data\example_exported_data\opencv_images\1\temp_combined\task_115_50bdaa34-1.0062.png,temp_combined,0.3708000003825873,0.13240000043879263,0.5050999989180127
D:\code\ai_cytometry\data\example_exported_data\opencv_images\1\temp_combined\task_116_8bfdf76f-1.0063.png,temp_combined,0.395199998820317,0.3750000014406396,0.7726000003458466
D:\code\ai_cytometry\data\example_exported_data\opencv_images\1\temp_combined\task_117_0d17b6ee-1.0064.png,temp_combined,1.363500001389184,0.393899999835412,1.761100000294391
D:\code\ai_cytometry\data\example_exported_data\opencv_images\1\temp_combined\task_118_4f7ad682-1.0065.png,temp_combined,0.4028000003017951,0.31739999940327834,0.7222000003821449
D:\code\ai_cytometry\data\example_exported_data\opencv_images\1\temp_combined\task_119_49d4f515-1.0066.png,temp_combined,0.39139999898907263,0.25129999994533136,0.6446999996114755
D:\code\ai_cytometry\data\example_exported_data\opencv_images\1\temp_combined\task_120_95f3f15f-1.0067.png,temp_combined,0.41960000089602545,0.24979999943752773,0.674899998557521
D:\code\ai_cytometry\data\example_exported_data\opencv_images\1\temp_combined\task_121_2eaeefe1-1.0068.png,temp_combined,0.47450000056414865,0.47110000014072284,0.9480999997322215
D:\code\ai_cytometry\data\example_exported_data\opencv_images\1\temp_combined\task_122_38a6f8a1-1.0069.png,temp_combined,0.3997000003437279,0.2758999999059597,0.6778000006306684
D:\code\ai_cytometry\data\example_exported_data\opencv_images\1\temp_combined\task_123_ff0edbb5-1.0070.png,temp_combined,0.40210000042861793,0.3830999994534068,0.7872000005590962
D:\code\ai_cytometry\data\example_exported_data\opencv_images\1\temp_combined\task_124_2d6bcf0c-1.0071.png,temp_combined,0.3885000005539041,0.4003000012744451,0.7913999997981591
D:\code\ai_cytometry\data\example_exported_data\opencv_images\1\temp_combined\task_125_6292bd9d-1.0072.png,temp_combined,0.43290000030538067,0.5106999997224193,0.94600000011269
D:\code\ai_cytometry\data\example_exported_data\opencv_images\1\temp_combined\task_126_31b2768b-1.0073.png,temp_combined,0.6551000005856622,0.3944000000046799,1.0528999991947785
D:\code\ai_cytometry\data\example_exported_data\opencv_images\1\temp_combined\task_127_db023f87-1.0074.png,temp_combined,0.3997000003437279,0.3231999999115942,0.7254000011016615
D:\code\ai_cytometry\data\example_exported_data\opencv_images\1\temp_combined\task_128_f3de4455-1.0075.png,temp_combined,0.3620999996201135,0.41009999949892517,0.7742999987385701
D:\code\ai_cytometry\data\example_exported_data\opencv_images\1\temp_combined\task_129_de2bfd57-1.0076.png,temp_combined,0.3933000007236842,0.23970000074768905,0.6354999986797338
D:\code\ai_cytometry\data\example_exported_data\opencv_images\1\temp_combined\task_130_f64f9a21-1.0077.png,temp_combined,0.3823000006377697,0.3651999995781807,0.7497999995393911
D:\code\ai_cytometry\data\example_exported_data\opencv_images\1\temp_combined\task_131_9d7db8b5-1.0078.png,temp_combined,0.7725000014033867,0.33380000058969017,1.109099999666796
D:\code\ai_cytometry\data\example_exported_data\opencv_images\1\temp_combined\task_132_2760f167-1.0079.png,temp_combined,0.39620000097784214,0.23040000087348744,0.6296999999904074
D:\code\ai_cytometry\data\example_exported_data\opencv_images\1\temp_combined\task_133_3f07d510-1.0080.png,temp_combined,0.3724999987753108,0.2539999986765906,0.628800000413321
D:\code\ai_cytometry\data\example_exported_data\opencv_images\1\temp_combined\task_134_3659388a-1.0081.png,temp_combined,0.678899999911664,0.3116999996564118,0.9936000005836831
D:\code\ai_cytometry\data\example_exported_data\opencv_images\1\temp_combined\task_135_6aef721f-1.0082.png,temp_combined,0.4515000000537839,0.33710000025166664,0.791499998740619
D:\code\ai_cytometry\data\example_exported_data\opencv_images\1\temp_combined\task_136_c2da06bd-1.0083.png,temp_combined,0.8189000000129454,0.38019999919924885,1.201700000819983
D:\code\ai_cytometry\data\example_exported_data\opencv_images\1\temp_combined\task_137_c622d902-1.0084.png,temp_combined,0.42039999971166253,0.32730000020819716,0.7497999995393911
D:\code\ai_cytometry\data\example_exported_data\opencv_images\1\temp_combined\task_138_d3401c89-1.0085.png,temp_combined,0.7516000005125534,0.30530000003636815,1.0593000006338116
D:\code\ai_cytometry\data\example_exported_data\opencv_images\1\temp_combined\task_139_5612da83-1.0086.png,temp_combined,0.42020000000775326,0.375900001017726,0.7979999991221121
D:\code\ai_cytometry\data\example_exported_data\opencv_images\1\temp_combined\task_140_94e979e9-1.0087.png,temp_combined,0.8712999988347292,0.32889999965846073,1.203699999678065
D:\code\ai_cytometry\data\example_exported_data\opencv_images\1\temp_combined\task_141_f409dd39-1.0088.png,temp_combined,0.43589999950199854,0.2884999994421378,0.7264999985636678
D:\code\ai_cytometry\data\example_exported_data\opencv_images\1\temp_combined\task_142_4eb058ce-1.0089.png,temp_combined,0.366599999324535,0.265499998931773,0.6344000012177275
D:\code\ai_cytometry\data\example_exported_data\opencv_images\1\temp_combined\task_143_38f8d39d-1.0090.png,temp_combined,0.4301000008126721,0.31739999940327834,0.7499999992433004
D:\code\ai_cytometry\data\example_exported_data\opencv_images\1\temp_combined\task_144_8e771e8e-1.0091.png,temp_combined,0.46329999895533547,0.24879999909899198,0.7150000001274748
D:\code\ai_cytometry\data\example_exported_data\opencv_images\1\temp_combined\task_145_3b99238b-1.0092.png,temp_combined,0.45709999903920107,0.35030000071856193,0.8109999998850981
D:\code\ai_cytometry\data\example_exported_data\opencv_images\1\temp_combined\task_146_bfc5d499-1.0093.png,temp_combined,0.4274000002624234,0.2507999997760635,0.6809000005887356
D:\code\ai_cytometry\data\example_exported_data\opencv_images\1\temp_combined\task_147_94f18e0a-1.0094.png,temp_combined,0.8806000005279202,0.3925000000890577,1.2749999987136107
D:\code\ai_cytometry\data\example_exported_data\opencv_images\1\temp_combined\task_148_c173e0c2-1.0095.png,temp_combined,0.8863999992172467,0.3508000008878298,1.2398999988363357
D:\code\ai_cytometry\data\example_exported_data\opencv_images\1\temp_combined\task_149_e1e62882-1.0096.png,temp_combined,0.7277999993675621,0.3065000000788132,1.0368999992351746
D:\code\ai_cytometry\data\example_exported_data\opencv_images\1\temp_combined\task_150_29beeb4f-1.0097.png,temp_combined,0.3871000008075498,0.30030000016267877,0.68959999953222
D:\code\ai_cytometry\data\example_exported_data\opencv_images\1\temp_combined\task_151_aed00351-1.0098.png,temp_combined,0.3336000008857809,0.24540000049455557,0.5811999999423278
D:\code\ai_cytometry\data\example_exported_data\opencv_images\1\temp_combined\task_152_32065ca5-1.0099.png,temp_combined,0.5130000008648494,0.28190000011818483,0.7974999989528442
D:\code\ai_cytometry\data\example_exported_data\opencv_images\1\temp_combined\task_161_0c92bf79-1.0180.png,temp_combined,0.5173000008653617,0.39629999992030207,0.9176999992632773
D:\code\ai_cytometry\data\example_exported_data\opencv_images\1\temp_combined\task_162_1cfa14db-1.0181.png,temp_combined,0.608000000283937,0.27149999914399814,0.882399999682093
D:\code\ai_cytometry\data\example_exported_data\opencv_images\1\temp_combined\task_163_2be54f63-1.0182.png,temp_combined,0.8713999995961785,0.28980000024603214,1.1647000010270858
D:\code\ai_cytometry\data\example_exported_data\opencv_images\1\temp_combined\task_164_0830e539-1.0183.png,temp_combined,0.45090000094205607,0.2977999993163394,0.7518999991589226
D:\code\ai_cytometry\data\example_exported_data\opencv_images\1\temp_combined\task_165_e74b22c9-1.0184.png,temp_combined,0.8646999995107763,0.311999998302781,1.1795000009442447
D:\code\ai_cytometry\data\example_exported_data\opencv_images\1\temp_combined\task_166_3c4a6255-1.0185.png,temp_combined,0.46320000001287553,0.33629999961704016,0.8027000003494322
D:\code\ai_cytometry\data\example_exported_data\opencv_images\1\temp_combined\task_167_a305aeae-1.0186.png,temp_combined,0.46750000001338776,0.3088000012212433,0.7781000003888039
D:\code\ai_cytometry\data\example_exported_data\opencv_images\1\temp_combined\task_168_82f2d199-1.0187.png,temp_combined,0.9449000008316943,0.6030000004102476,1.5509999993810197
D:\code\ai_cytometry\data\example_exported_data\opencv_images\1\temp_combined\task_169_05481cc8-1.0188.png,temp_combined,0.4426000014063902,0.3660000002128072,0.8120000002236338
D:\code\ai_cytometry\data\example_exported_data\opencv_images\1\temp_combined\task_170_2268a01f-1.0189.png,temp_combined,0.43619999996735714,0.35930000012740493,0.7984999992913799
D:\code\ai_cytometry\data\example_exported_data\opencv_images\1\temp_combined\task_171_d1b35e9b-1.0190.png,temp_combined,0.4116000000067288,0.4462000015337253,0.8596000006946269
D:\code\ai_cytometry\data\example_exported_data\opencv_images\1\temp_combined\task_172_a96c9575-1.0191.png,temp_combined,0.48210000022663735,0.29089999952702783,0.7761999986541923
D:\code\ai_cytometry\data\example_exported_data\opencv_images\1\temp_combined\task_173_6d9c3715-1.0192.png,temp_combined,0.5053999993833713,0.5988000011711847,1.1070000000472646
D:\code\ai_cytometry\data\example_exported_data\opencv_images\1\temp_combined\task_174_40841b31-1.0193.png,temp_combined,0.5459000003611436,0.2854999984265305,0.8342000000993721
D:\code\ai_cytometry\data\example_exported_data\opencv_images\1\temp_combined\task_175_d3d73b5c-1.0194.png,temp_combined,0.570400001379312,0.3090999998676125,0.8825999993860023
D:\code\ai_cytometry\data\example_exported_data\opencv_images\1\temp_combined\task_176_fb61dfc2-1.0195.png,temp_combined,0.6608000003325287,0.25570000070729293,0.918799998544273
D:\code\ai_cytometry\data\example_exported_data\opencv_images\1\temp_combined\task_177_0ae048be-1.0196.png,temp_combined,0.5229999987932388,0.30789999982516747,0.8347999992110999
D:\code\ai_cytometry\data\example_exported_data\opencv_images\1\temp_combined\task_178_5b1d9aa0-1.0197.png,temp_combined,0.6252000002859859,0.4290999986551469,1.0610999997879844
D:\code\ai_cytometry\data\example_exported_data\opencv_images\1\temp_combined\task_179_62d31e1f-1.0198.png,temp_combined,0.7354999997915002,0.44770000022253953,1.186999999845284
D:\code\ai_cytometry\data\example_exported_data\opencv_images\1\temp_combined\task_180_a94b4edb-1.0199.png,temp_combined,0.5865000002813758,0.24949999897216912,0.8393999996769708
D:\code\ai_cytometry\data\example_exported_data\opencv_images\1\temp_combined\task_181_ebc67808-1.0100.png,temp_combined,0.5180999996809987,0.3418000014789868,0.8619000000180677
D:\code\ai_cytometry\data\example_exported_data\opencv_images\1\temp_combined\task_182_9410371b-1.0101.png,temp_combined,0.7697999990341486,0.4690000005211914,1.2418999995134072
D:\code\ai_cytometry\data\example_exported_data\opencv_images\1\temp_combined\task_183_e423c0e9-1.0102.png,temp_combined,0.5502000003616558,0.3921000006812392,0.9453000002395129
D:\code\ai_cytometry\data\example_exported_data\opencv_images\1\temp_combined\task_184_7d6fc41c-1.0103.png,temp_combined,0.5024999991292134,0.12930000048072543,0.6353999997372739
D:\code\ai_cytometry\data\example_exported_data\opencv_images\1\temp_combined\task_185_707f95e9-1.0104.png,temp_combined,1.2846999998146202,0.19549999888113234,1.4842000000498956
D:\code\ai_cytometry\data\example_exported_data\opencv_images\1\temp_combined\task_186_e28647aa-1.0105.png,temp_combined,0.6632000004174188,0.09779999891179614,0.7629000010638265
D:\code\ai_cytometry\data\example_exported_data\opencv_images\1\temp_combined\task_187_52acdbea-1.0106.png,temp_combined,0.6976000004215166,0.2451999989716569,0.9454999999434222
D:\code\ai_cytometry\data\example_exported_data\opencv_images\1\temp_combined\task_188_51ebe5de-1.0107.png,temp_combined,4.172400000243215,0.21269999888318125,4.38890000077663
D:\code\ai_cytometry\data\example_exported_data\opencv_images\1\temp_combined\task_189_89673665-1.0108.png,temp_combined,0.5919999985053437,0.15940000048431102,0.7547999994130805
D:\code\ai_cytometry\data\example_exported_data\opencv_images\1\temp_combined\task_190_7d56c68e-1.0109.png,temp_combined,0.5375000000640284,0.18259999887959566,0.722999999197782
D:\code\ai_cytometry\data\example_exported_data\opencv_images\1\temp_combined\task_191_e79a026d-1.0110.png,temp_combined,0.7459000007656869,0.11300000005576294,0.8625000009487849
D:\code\ai_cytometry\data\example_exported_data\opencv_images\1\temp_combined\task_192_1dd9d7ce-1.0111.png,temp_combined,0.5618000013782876,0.15729999904579017,0.7214000015665079
D:\code\ai_cytometry\data\example_exported_data\opencv_images\1\temp_combined\task_193_eb6c0952-1.0112.png,temp_combined,1.1675999994622543,0.12480000077630393,1.296300000831252
D:\code\ai_cytometry\data\example_exported_data\opencv_images\1\temp_combined\task_194_77509d85-1.0113.png,temp_combined,0.5736000002798392,0.09060000047611538,0.6669000013062032
D:\code\ai_cytometry\data\example_exported_data\opencv_images\1\temp_combined\task_195_67d9bbea-1.0114.png,temp_combined,0.6364000000758097,0.2077999997709412,0.8479999996779952
D:\code\ai_cytometry\data\example_exported_data\opencv_images\1\temp_combined\task_196_010260b8-1.0115.png,temp_combined,0.8972999985417118,0.2310999989276752,1.1307999993732665
D:\code\ai_cytometry\data\example_exported_data\opencv_images\1\temp_combined\task_197_10165254-1.0116.png,temp_combined,0.5089999995107064,0.48009999954956584,0.9927999999490567
D:\code\ai_cytometry\data\example_exported_data\opencv_images\1\temp_combined\task_198_8dff07c7-1.0117.png,temp_combined,0.9807999995246064,0.46440000005532056,1.4480999998340849
D:\code\ai_cytometry\data\example_exported_data\opencv_images\1\temp_combined\task_199_b36979dc-1.0118.png,temp_combined,0.8183999998436775,0.4578000007313676,1.2817999995604623
D:\code\ai_cytometry\data\example_exported_data\opencv_images\1\temp_combined\task_200_d3ab7daf-1.0119.png,temp_combined,0.4471000011108117,0.5173000008653617,0.9675000001152512
D:\code\ai_cytometry\data\example_exported_data\opencv_images\1\temp_combined\task_201_0c319bde-1.0120.png,temp_combined,0.9021999994729413,0.26789999901666306,1.1735999996744795
D:\code\ai_cytometry\data\example_exported_data\opencv_images\1\temp_combined\task_202_e5bf1a20-1.0121.png,temp_combined,0.8080000006884802,0.3065000000788132,1.119700000344892
D:\code\ai_cytometry\data\example_exported_data\opencv_images\1\temp_combined\task_203_26989fad-1.0122.png,temp_combined,0.5975000003672903,0.21349999951780774,0.8153999988280702
D:\code\ai_cytometry\data\example_exported_data\opencv_images\1\temp_combined\task_204_fb033f4a-1.0123.png,temp_combined,0.5426999996416271,0.3274000009696465,0.8737999996810686
D:\code\ai_cytometry\data\example_exported_data\opencv_images\1\temp_combined\task_205_2a92eb9f-1.0124.png,temp_combined,1.264999998966232,0.35570000000006985,1.6252000004897127
D:\code\ai_cytometry\data\example_exported_data\opencv_images\1\temp_combined\task_206_551b0706-1.0125.png,temp_combined,0.46610000026703347,0.49000000035448465,0.9579999987181509
D:\code\ai_cytometry\data\example_exported_data\opencv_images\1\temp_combined\task_207_4c1159cf-1.0126.png,temp_combined,1.0431999999127584,0.9566999997332459,2.0084999996470287
D:\code\ai_cytometry\data\example_exported_data\opencv_images\1\temp_combined\task_208_3a2575a2-1.0127.png,temp_combined,0.7100999991962453,0.3949000001739478,1.109500000893604
D:\code\ai_cytometry\data\example_exported_data\opencv_images\1\temp_combined\task_209_5d18617d-1.0128.png,temp_combined,0.6653000000369502,0.6023000005370704,1.2729000009130687
D:\code\ai_cytometry\data\example_exported_data\opencv_images\1\temp_combined\task_210_638b5f1b-1.0129.png,temp_combined,0.48970000170811545,0.33849999999802094,0.8316000003105728
D:\code\ai_cytometry\data\example_exported_data\opencv_images\1\temp_combined\task_211_626ca27f-1.0130.png,temp_combined,0.6718999993609032,0.554599999304628,1.2308999994274927
D:\code\ai_cytometry\data\example_exported_data\opencv_images\1\temp_combined\task_212_a08d30a6-1.0131.png,temp_combined,0.6517000001622364,0.49140000010083895,1.1474999992060475
D:\code\ai_cytometry\data\example_exported_data\opencv_images\1\temp_combined\task_213_697db012-1.0132.png,temp_combined,0.699700000041048,0.5131000016262988,1.2162000002717832
D:\code\ai_cytometry\data\example_exported_data\opencv_images\1\temp_combined\task_214_35c02294-1.0133.png,temp_combined,0.47649999942223076,0.73319999864907,1.2148999994678888
D:\code\ai_cytometry\data\example_exported_data\opencv_images\1\temp_combined\task_215_cd0d2058-1.0134.png,temp_combined,1.0223999997833744,0.4604999994626269,1.4878000001772307
D:\code\ai_cytometry\data\example_exported_data\opencv_images\1\temp_combined\task_216_8cea7464-1.0135.png,temp_combined,0.8437999986199429,0.3873000005114591,1.2340999983280199
D:\code\ai_cytometry\data\example_exported_data\opencv_images\1\temp_combined\task_217_e7ca2a96-1.0136.png,temp_combined,0.7554999992862577,0.5529999998543644,1.3161999995645601
D:\code\ai_cytometry\data\example_exported_data\opencv_images\1\temp_combined\task_218_2094d672-1.0137.png,temp_combined,0.5188999984966358,0.46300000030896626,0.983900001301663
D:\code\ai_cytometry\data\example_exported_data\opencv_images\1\temp_combined\task_219_a9e10000-1.0138.png,temp_combined,0.5181999986234587,0.2882999997382285,0.809899998785113
D:\code\ai_cytometry\data\example_exported_data\opencv_images\1\temp_combined\task_220_7ee14dae-1.0139.png,temp_combined,0.587100001212093,0.11020000056305435,0.7007000003795838
D:\code\ai_cytometry\data\example_exported_data\opencv_images\1\temp_combined\task_221_c771030e-1.0140.png,temp_combined,0.5294999991747318,0.1173999989987351,0.6490000014309771
D:\code\ai_cytometry\data\example_exported_data\opencv_images\1\temp_combined\task_222_88afdc44-1.0141.png,temp_combined,0.5329999985406175,0.10779999865917489,0.6441999994422076
D:\code\ai_cytometry\data\example_exported_data\opencv_images\1\temp_combined\task_223_846023a5-1.0142.png,temp_combined,0.5547000000660773,0.1812999998946907,0.7375999994110316
D:\code\ai_cytometry\data\example_exported_data\opencv_images\1\temp_combined\task_224_5a4cdc3c-1.0143.png,temp_combined,0.6839999987278134,0.2796000007947441,0.9665999987191753
D:\code\ai_cytometry\data\example_exported_data\opencv_images\1\temp_combined\task_225_63d4ac90-1.0144.png,temp_combined,0.4071000003023073,0.15610000082233455,0.5666000015480677
D:\code\ai_cytometry\data\example_exported_data\opencv_images\1\temp_combined\task_226_9c989631-1.0145.png,temp_combined,0.5374000011215685,0.23320000036619604,0.7734999999229331
D:\code\ai_cytometry\data\example_exported_data\opencv_images\1\temp_combined\task_227_b2048b49-1.0146.png,temp_combined,0.811500000054366,0.1233000002685003,0.9405000000697328
D:\code\ai_cytometry\data\example_exported_data\opencv_images\1\temp_combined\task_228_b69d040b-1.0147.png,temp_combined,0.7185000013123499,0.16839999989315402,0.888900000063586
D:\code\ai_cytometry\data\example_exported_data\opencv_images\1\temp_combined\task_229_5c76fd65-1.0148.png,temp_combined,1.0498999999981606,0.1339999998890562,1.186999999845284
D:\code\ai_cytometry\data\example_exported_data\opencv_images\1\temp_combined\task_230_85ee69b8-1.0149.png,temp_combined,0.6652000010944903,0.17779999870981555,0.846500000989181
D:\code\ai_cytometry\data\example_exported_data\opencv_images\1\temp_combined\task_231_55be8a41-1.0150.png,temp_combined,0.9184999998979038,0.15869999879214447,1.081000000340282
D:\code\ai_cytometry\data\example_exported_data\opencv_images\1\temp_combined\task_232_b341173d-1.0151.png,temp_combined,0.5423000002338085,0.10619999920891132,0.6524000000354135
D:\code\ai_cytometry\data\example_exported_data\opencv_images\1\temp_combined\task_233_f9808087-1.0152.png,temp_combined,0.5991999987600138,0.15460000031453092,0.7573000002594199
D:\code\ai_cytometry\data\example_exported_data\opencv_images\1\temp_combined\task_234_19740e0a-1.0153.png,temp_combined,0.4566000006889226,0.11550000090210233,0.5743000001530163
D:\code\ai_cytometry\data\example_exported_data\opencv_images\1\temp_combined\task_235_c3139eb4-1.0154.png,temp_combined,0.8481999993819045,0.40699999954085797,1.2597999993886333
D:\code\ai_cytometry\data\example_exported_data\opencv_images\1\temp_combined\task_236_9412535b-1.0155.png,temp_combined,0.49989999934041407,0.2570000015111873,0.7602000005135778
D:\code\ai_cytometry\data\example_exported_data\opencv_images\1\temp_combined\task_237_167b32d8-1.0156.png,temp_combined,0.44440000056056306,0.14259999989008065,0.5903000001126202
D:\code\ai_cytometry\data\example_exported_data\opencv_images\1\temp_combined\task_238_47047b3f-1.0157.png,temp_combined,0.44949999937671237,0.07000000005064066,0.5218000005697832
D:\code\ai_cytometry\data\example_exported_data\opencv_images\1\temp_combined\task_239_3ee60696-1.0158.png,temp_combined,0.781700000516139,0.0822000001790002,0.8703999992576428
D:\code\ai_cytometry\data\example_exported_data\opencv_images\1\temp_combined\task_240_5775a7f2-1.0159.png,temp_combined,0.5384999985835748,0.34669999877223745,0.8878999997250503
D:\code\ai_cytometry\data\example_exported_data\opencv_images\1\temp_combined\task_241_d5bb687e-1.0160.png,temp_combined,0.5915000001550652,0.54929999896558,1.1460999994596932
D:\code\ai_cytometry\data\example_exported_data\opencv_images\1\temp_combined\task_242_061746cc-1.0161.png,temp_combined,0.49980000039795414,0.42980000034731347,0.933400000576512
D:\code\ai_cytometry\data\example_exported_data\opencv_images\1\temp_combined\task_243_8af0bd9d-1.0162.png,temp_combined,0.6063000000722241,0.320099999953527,0.9310000004916219
D:\code\ai_cytometry\data\example_exported_data\opencv_images\1\temp_combined\task_244_4a9742b7-1.0163.png,temp_combined,0.5685000014636898,0.3181000010954449,0.8906999992177589
D:\code\ai_cytometry\data\example_exported_data\opencv_images\1\temp_combined\task_245_1df8e86e-1.0164.png,temp_combined,0.6773999994038604,0.5007999989175005,1.1823000004369533
D:\code\ai_cytometry\data\example_exported_data\opencv_images\1\temp_combined\task_246_37a129f9-1.0165.png,temp_combined,0.6482999997388106,0.7832999999664025,1.441500000510132
D:\code\ai_cytometry\data\example_exported_data\opencv_images\1\temp_combined\task_247_8e8192d2-1.0166.png,temp_combined,0.7481000011466676,0.6772999986424111,1.430399999662768
D:\code\ai_cytometry\data\example_exported_data\opencv_images\1\temp_combined\task_248_d7b424f9-1.0167.png,temp_combined,0.6326000002445653,0.2932999996119179,0.9284000007028226
D:\code\ai_cytometry\data\example_exported_data\opencv_images\1\temp_combined\task_249_9996606d-1.0168.png,temp_combined,0.5429000011645257,0.678999998854124,1.2265999994269805
D:\code\ai_cytometry\data\example_exported_data\opencv_images\1\temp_combined\task_250_9da87d6e-1.0169.png,temp_combined,0.6826999997429084,0.42720000055851415,1.113199999963399
D:\code\ai_cytometry\data\example_exported_data\opencv_images\1\temp_combined\task_251_d313dbb5-1.0170.png,temp_combined,0.5780000010418007,0.3763999993680045,0.9592999995220453
D:\code\ai_cytometry\data\example_exported_data\opencv_images\1\temp_combined\task_252_cb6e2350-1.0171.png,temp_combined,0.6109000005380949,0.5225000004429603,1.136400000177673
D:\code\ai_cytometry\data\example_exported_data\opencv_images\1\temp_combined\task_253_9eeaf9d7-1.0172.png,temp_combined,0.6530999999085907,0.3164999998261919,0.9730999991006684
D:\code\ai_cytometry\data\example_exported_data\opencv_images\1\temp_combined\task_254_54b75b77-1.0173.png,temp_combined,0.6759000007150462,0.7961999999679392,1.4783999995415797
D:\code\ai_cytometry\data\example_exported_data\opencv_images\1\temp_combined\task_255_c1ee64e1-1.0174.png,temp_combined,0.9859000001597451,0.3742000008060131,1.3658999996550847
D:\code\ai_cytometry\data\example_exported_data\opencv_images\1\temp_combined\task_256_a0aa71cf-1.0175.png,temp_combined,0.5149999997229315,0.3314000005048001,0.850600001285784
D:\code\ai_cytometry\data\example_exported_data\opencv_images\1\temp_combined\task_257_e4c19061-1.0176.png,temp_combined,0.7036999995762017,0.42890000077022705,1.1383999990357552
D:\code\ai_cytometry\data\example_exported_data\opencv_images\1\temp_combined\task_258_f632522d-1.0177.png,temp_combined,0.5335999994713347,0.41509999937261455,0.9509999999863794
D:\code\ai_cytometry\data\example_exported_data\opencv_images\1\temp_combined\task_259_43bce4fa-1.0178.png,temp_combined,0.5892999997740844,0.35930000012740493,0.9511999996902887
D:\code\ai_cytometry\data\example_exported_data\opencv_images\1\temp_combined\task_260_c62ce8bd-1.0179.png,temp_combined,0.5208999991737073,0.45279999903868884,0.9759000004123664
D:\code\ai_cytometry\data\example_exported_data\opencv_images\1\temp_combined\task_53_41b5f563-1.0000.png,temp_combined,0.847799999974086,0.3818000004685018,1.2344000006123679
D:\code\ai_cytometry\data\example_exported_data\opencv_images\1\temp_combined\task_54_f5584d16-1.0001.png,temp_combined,0.6275999985518865,0.2870999996957835,0.9181999994325452
D:\code\ai_cytometry\data\example_exported_data\opencv_images\1\temp_combined\task_55_56ecd981-1.0002.png,temp_combined,0.6792000003770227,0.4747000002680579,1.1574000000109663
D:\code\ai_cytometry\data\example_exported_data\opencv_images\1\temp_combined\task_56_28e6cc7e-1.0003.png,temp_combined,0.6235999990167329,0.6173000001581386,1.2458999990485609
D:\code\ai_cytometry\data\example_exported_data\opencv_images\1\temp_combined\task_57_be01ebaf-1.0004.png,temp_combined,0.6656000005023088,0.638999999864609,1.3092000008327886
D:\code\ai_cytometry\data\example_exported_data\opencv_images\1\temp_combined\task_58_af4c293f-1.0005.png,temp_combined,0.715199999831384,0.12379999861877877,0.8419000005233102
D:\code\ai_cytometry\data\example_exported_data\opencv_images\1\temp_combined\task_59_8c9398fa-1.0006.png,temp_combined,0.6563999995705672,0.12419999984558672,0.7827999997971347
D:\code\ai_cytometry\data\example_exported_data\opencv_images\1\temp_combined\task_60_9bf2a191-1.0007.png,temp_combined,0.6162000008771429,0.08020000132091809,0.6993000006332295
D:\code\ai_cytometry\data\example_exported_data\opencv_images\1\temp_combined\task_61_3efd604c-1.0008.png,temp_combined,0.4728999992948957,0.05450000026030466,0.5295999999361811
D:\code\ai_cytometry\data\example_exported_data\opencv_images\1\temp_combined\task_62_aa184674-1.0009.png,temp_combined,0.6032000001141569,0.13039999976172112,0.7361999996646773
D:\code\ai_cytometry\data\example_exported_data\opencv_images\1\temp_combined\task_63_21a1519c-1.0010.png,temp_combined,0.6773000004614005,0.13840000065101776,0.8189999989554053
D:\code\ai_cytometry\data\example_exported_data\opencv_images\1\temp_combined\task_64_4ee4ee14-1.0011.png,temp_combined,0.7741000008536503,0.38359999962267466,1.1615999992500292
D:\code\ai_cytometry\data\example_exported_data\opencv_images\1\temp_combined\task_65_1f3d447e-1.0012.png,temp_combined,0.4701000016211765,0.21320000087143853,0.6855000010546064
D:\code\ai_cytometry\data\example_exported_data\opencv_images\1\temp_combined\task_66_37f9cb05-1.0013.png,temp_combined,0.6857999997009756,0.3455000005487818,1.034599999911734
D:\code\ai_cytometry\data\example_exported_data\opencv_images\1\temp_combined\task_67_64223f61-1.0014.png,temp_combined,0.5137999996804865,0.12290000086068176,0.6394000010914169
D:\code\ai_cytometry\data\example_exported_data\opencv_images\1\temp_combined\task_68_3f8fe0d7-1.0015.png,temp_combined,0.8407999994233251,0.19810000048892107,1.043000000208849
D:\code\ai_cytometry\data\example_exported_data\opencv_images\1\temp_combined\task_69_36fedee8-1.0016.png,temp_combined,0.445699999545468,0.11970000014116522,0.5677999997715233
D:\code\ai_cytometry\data\example_exported_data\opencv_images\1\temp_combined\task_70_b41e370a-1.0017.png,temp_combined,0.4366000011941651,0.1315000008617062,0.5705999992642319
D:\code\ai_cytometry\data\example_exported_data\opencv_images\1\temp_combined\task_71_88874311-1.0018.png,temp_combined,0.61699999969278,0.15929999972286168,0.7799000013619661
D:\code\ai_cytometry\data\example_exported_data\opencv_images\1\temp_combined\task_72_cc35ff68-1.0019.png,temp_combined,1.0008999997808132,0.2471999996487284,1.2525000001915032
D:\code\ai_cytometry\data\example_exported_data\opencv_images\1\temp_combined\task_73_2c6d33d7-1.0020.png,temp_combined,0.5885000009584473,0.32410000130767,0.9165999999822816
D:\code\ai_cytometry\data\example_exported_data\opencv_images\1\temp_combined\task_74_f15b645b-1.0021.png,temp_combined,0.5540000001929002,0.2688999993551988,0.8280999991256977
D:\code\ai_cytometry\data\example_exported_data\opencv_images\1\temp_combined\task_75_e601be5f-1.0022.png,temp_combined,0.7463000001735054,0.4059000002598623,1.1558999995031627
D:\code\ai_cytometry\data\example_exported_data\opencv_images\1\temp_combined\task_76_06e9d3e2-1.0023.png,temp_combined,0.5775000008725328,0.2691999998205574,0.851499999043881
D:\code\ai_cytometry\data\example_exported_data\opencv_images\1\temp_combined\task_77_b6a10eff-1.0024.png,temp_combined,0.5579000007855939,0.1505999989603879,0.7116000015230384
D:\code\ai_cytometry\data\example_exported_data\opencv_images\1\temp_combined\task_78_1142a642-1.0025.png,temp_combined,0.6050000010873191,0.19729999985429458,0.8068000006460352
D:\code\ai_cytometry\data\example_exported_data\opencv_images\1\temp_combined\task_79_ad00d1f7-1.0026.png,temp_combined,0.6797000005462905,0.1128999992943136,0.7982999995874707
D:\code\ai_cytometry\data\example_exported_data\opencv_images\1\temp_combined\task_80_dc6ca2d3-1.0027.png,temp_combined,0.6047999995644204,0.1322999996773433,0.740100000257371
D:\code\ai_cytometry\data\example_exported_data\opencv_images\1\temp_combined\task_81_f4589e92-1.0028.png,temp_combined,0.5364999997254927,0.13310000031196978,0.6737000003340654
D:\code\ai_cytometry\data\example_exported_data\opencv_images\1\temp_combined\task_82_ae0b7425-1.0029.png,temp_combined,0.44720000005327165,0.1706000002741348,0.6200000007083872
D:\code\ai_cytometry\data\example_exported_data\opencv_images\1\temp_combined\task_83_674bd616-1.0030.png,temp_combined,0.4582999990816461,0.5474999998114072,1.010899999528192
D:\code\ai_cytometry\data\example_exported_data\opencv_images\1\temp_combined\task_84_f0aef729-1.0031.png,temp_combined,0.6289999982982408,0.5540000001929002,1.1880000001838198
D:\code\ai_cytometry\data\example_exported_data\opencv_images\1\temp_combined\task_85_8d21247d-1.0032.png,temp_combined,0.594999999520951,0.48409999908471946,1.0820999996212777
D:\code\ai_cytometry\data\example_exported_data\opencv_images\1\temp_combined\task_86_73b9814b-1.0033.png,temp_combined,0.4260000005160691,0.38529999983438756,0.8136999986163573
D:\code\ai_cytometry\data\example_exported_data\opencv_images\1\temp_combined\task_87_73963b0e-1.0034.png,temp_combined,0.7127000008040341,0.45730000056209974,1.1735000007320195
D:\code\ai_cytometry\data\example_exported_data\opencv_images\1\temp_combined\task_88_aea2c208-1.0035.png,temp_combined,0.4763999986607814,0.35989999923913274,0.8391999999730615
D:\code\ai_cytometry\data\example_exported_data\opencv_images\1\temp_combined\task_89_d2bc487d-1.0036.png,temp_combined,0.7251000006363029,0.6464999987656483,1.3765999992756406
D:\code\ai_cytometry\data\example_exported_data\opencv_images\1\temp_combined\task_90_542ff118-1.0037.png,temp_combined,0.6281000005401438,0.5774999990535434,1.2091999997210223
D:\code\ai_cytometry\data\example_exported_data\opencv_images\1\temp_combined\task_91_03ef1bcb-1.0038.png,temp_combined,0.6174999998620478,0.5392000002757413,1.1614000013651093
D:\code\ai_cytometry\data\example_exported_data\opencv_images\1\temp_combined\task_92_b8befc07-1.0039.png,temp_combined,0.5106999997224193,0.25210000057995785,0.7661999989068136
D:\code\ai_cytometry\data\example_exported_data\opencv_images\1\temp_combined\task_93_f40743f3-1.0040.png,temp_combined,0.5350999999791384,0.11180000001331791,0.6489999996119877
D:\code\ai_cytometry\data\example_exported_data\opencv_images\1\temp_combined\task_94_9832288e-1.0041.png,temp_combined,1.197199999296572,0.11499999891384505,1.3149000005796552
D:\code\ai_cytometry\data\example_exported_data\opencv_images\1\temp_combined\task_95_35e8843d-1.0042.png,temp_combined,0.7230999999592314,0.2027000009547919,0.9302000016759848
D:\code\ai_cytometry\data\example_exported_data\opencv_images\1\temp_combined\task_96_83a0c8c1-1.0043.png,temp_combined,0.49959999887505546,0.1019000010273885,0.6047000006219605
D:\code\ai_cytometry\data\example_exported_data\opencv_images\1\temp_combined\task_97_7f23566a-1.0044.png,temp_combined,0.7839999998395797,0.6532999996125,1.4444000007642899
D:\code\ai_cytometry\data\example_exported_data\opencv_images\1\temp_combined\task_98_5e1ce963-1.0045.png,temp_combined,0.6855999999970663,0.5025999998906627,1.1924999998882413
D:\code\ai_cytometry\data\example_exported_data\opencv_images\1\temp_combined\task_99_76b190c8-1.0046.png,temp_combined,0.6749000003765104,0.5991999987600138,1.2783000001945766
D:\code\ai_cytometry\data\example_exported_data\opencv_images\2\temp_combined\task_261_fd451d23--20_dbm.0096.png,temp_combined,0.5775000008725328,0.10689999908208847,0.68710000050487
D:\code\ai_cytometry\data\example_exported_data\opencv_images\2\temp_combined\task_262_62ca0572--20_dbm.0097.png,temp_combined,0.575399999434012,0.11839999933727086,0.6957999994483544
D:\code\ai_cytometry\data\example_exported_data\opencv_images\2\temp_combined\task_263_7a6f3f7e--20_dbm.0098.png,temp_combined,0.3298999999969965,0.15410000014526304,0.4859000000578817
D:\code\ai_cytometry\data\example_exported_data\opencv_images\2\temp_combined\task_264_65cd759a--20_dbm.0099.png,temp_combined,0.2851999997801613,1.1080999993282603,1.3967999984743074
D:\code\ai_cytometry\data\example_exported_data\opencv_images\2\temp_combined\task_265_aaa46203--20_dbm.0000.png,temp_combined,0.2775000011752127,0.03370000013092067,0.3126999999949476
D:\code\ai_cytometry\data\example_exported_data\opencv_images\2\temp_combined\task_266_1080f18b--20_dbm.0001.png,temp_combined,0.570099999094964,0.12209999840706587,0.6947000001673587
D:\code\ai_cytometry\data\example_exported_data\opencv_images\2\temp_combined\task_267_5a8881a7--20_dbm.0002.png,temp_combined,0.32620000092720147,0.06219999886525329,0.3903999986505369
D:\code\ai_cytometry\data\example_exported_data\opencv_images\2\temp_combined\task_268_d7213051--20_dbm.0003.png,temp_combined,0.27599999884841964,0.574199999391567,0.8522999996785074
D:\code\ai_cytometry\data\example_exported_data\opencv_images\2\temp_combined\task_269_13c9b61f--20_dbm.0004.png,temp_combined,0.2905000001192093,0.21409999862953555,0.506499998664367
D:\code\ai_cytometry\data\example_exported_data\opencv_images\2\temp_combined\task_270_815aab1e--20_dbm.0005.png,temp_combined,0.282599999991362,0.05860000055690762,0.3434000009292504
D:\code\ai_cytometry\data\example_exported_data\opencv_images\2\temp_combined\task_271_6d9a712f--20_dbm.0006.png,temp_combined,0.5093999989185249,0.05500000042957254,0.5667999994329875
D:\code\ai_cytometry\data\example_exported_data\opencv_images\2\temp_combined\task_272_f07a9185--20_dbm.0007.png,temp_combined,0.26219999926979654,0.03680000008898787,0.3006000006280374
D:\code\ai_cytometry\data\example_exported_data\opencv_images\2\temp_combined\task_273_5a881ac3--20_dbm.0008.png,temp_combined,0.2889000006689457,0.03860000106215011,0.3293999998277286
D:\code\ai_cytometry\data\example_exported_data\opencv_images\2\temp_combined\task_274_666f3dad--20_dbm.0009.png,temp_combined,0.30750000041734893,0.09409999984200113,0.4036999998788815
D:\code\ai_cytometry\data\example_exported_data\opencv_images\2\temp_combined\task_275_db85b31b--20_dbm.0010.png,temp_combined,0.5392999992182013,0.9735999992699362,1.5156000008573756
D:\code\ai_cytometry\data\example_exported_data\opencv_images\2\temp_combined\task_276_cefaac9b--20_dbm.0011.png,temp_combined,0.26509999952395447,0.1446999995096121,0.41169999894918874
D:\code\ai_cytometry\data\example_exported_data\opencv_images\2\temp_combined\task_277_9e8814e7--20_dbm.0012.png,temp_combined,0.27439999939815607,0.067299999500392,0.34330000016780104
D:\code\ai_cytometry\data\example_exported_data\opencv_images\2\temp_combined\task_278_99e4dfd6--20_dbm.0013.png,temp_combined,0.3133999998681247,0.08139999954437371,0.3966000003856607
D:\code\ai_cytometry\data\example_exported_data\opencv_images\2\temp_combined\task_279_33ca5d98--20_dbm.0014.png,temp_combined,0.633299998298753,0.060399999711080454,0.6957999994483544
D:\code\ai_cytometry\data\example_exported_data\opencv_images\2\temp_combined\task_280_c5362aeb--20_dbm.0015.png,temp_combined,0.3971999994973885,0.0455999997939216,0.44580000030691735
D:\code\ai_cytometry\data\example_exported_data\opencv_images\2\temp_combined\task_281_257cb402--20_dbm.0016.png,temp_combined,0.6061999993107747,0.2451999989716569,0.8539000009477604
D:\code\ai_cytometry\data\example_exported_data\opencv_images\2\temp_combined\task_282_26a61ccc--20_dbm.0017.png,temp_combined,0.6276000003708759,0.7743999995000195,1.4045999996596947
D:\code\ai_cytometry\data\example_exported_data\opencv_images\2\temp_combined\task_283_6f0f8fec--20_dbm.0018.png,temp_combined,0.2800999991450226,0.3157999999530148,0.597800000832649
D:\code\ai_cytometry\data\example_exported_data\opencv_images\2\temp_combined\task_284_9be410d6--20_dbm.0019.png,temp_combined,0.2860999993572477,0.16110000069602393,0.44859999979962595
D:\code\ai_cytometry\data\example_exported_data\opencv_images\2\temp_combined\task_285_8b457c1f--20_dbm.0020.png,temp_combined,0.2820999998220941,0.12000000060652383,0.40409999928670004
D:\code\ai_cytometry\data\example_exported_data\opencv_images\2\temp_combined\task_286_a70368bd--20_dbm.0021.png,temp_combined,0.2901999996538507,0.1917000008688774,0.4836999996769009
D:\code\ai_cytometry\data\example_exported_data\opencv_images\2\temp_combined\task_287_de0eed47--20_dbm.0022.png,temp_combined,0.33790000088629313,0.47540000014123507,0.8164000009855954
D:\code\ai_cytometry\data\example_exported_data\opencv_images\2\temp_combined\task_288_547e7853--20_dbm.0023.png,temp_combined,0.45700000009674113,0.8218000002671033,1.2841999996453524
D:\code\ai_cytometry\data\example_exported_data\opencv_images\2\temp_combined\task_289_bd7e5a97--20_dbm.0024.png,temp_combined,0.42670000038924627,1.263799998923787,1.6942000002018176
D:\code\ai_cytometry\data\example_exported_data\opencv_images\2\temp_combined\task_290_8a41c486--20_dbm.0025.png,temp_combined,0.34729999970295466,0.3511000013531884,0.7004999988566851
D:\code\ai_cytometry\data\example_exported_data\opencv_images\2\temp_combined\task_291_8eb4bc39--20_dbm.0026.png,temp_combined,0.2992000008816831,0.3986000010627322,0.7007000003795838
D:\code\ai_cytometry\data\example_exported_data\opencv_images\2\temp_combined\task_292_fe0c2787--20_dbm.0027.png,temp_combined,0.7714000003034016,0.4735000002256129,1.248200000190991
D:\code\ai_cytometry\data\example_exported_data\opencv_images\2\temp_combined\task_293_a12ba649--20_dbm.0028.png,temp_combined,0.5750999989686534,0.30700000024808105,0.8840999998938059
D:\code\ai_cytometry\data\example_exported_data\opencv_images\2\temp_combined\task_294_44c134cb--20_dbm.0029.png,temp_combined,0.31690000105299987,0.36250000084692147,0.6812999999965541
D:\code\ai_cytometry\data\example_exported_data\opencv_images\2\temp_combined\task_295_9cd9c978--20_dbm.0030.png,temp_combined,0.4716000003099907,0.8592000012868084,1.3352000005397713
D:\code\ai_cytometry\data\example_exported_data\opencv_images\2\temp_combined\task_296_aea778c3--20_dbm.0031.png,temp_combined,0.3080000005866168,1.2059000000590459,1.5168999998422805
D:\code\ai_cytometry\data\example_exported_data\opencv_images\2\temp_combined\task_297_a51e7fae--20_dbm.0032.png,temp_combined,0.6909000003361143,0.3890999996656319,1.0825999997905456
D:\code\ai_cytometry\data\example_exported_data\opencv_images\2\temp_combined\task_298_7ad4ef92--20_dbm.0033.png,temp_combined,0.5693000002793269,0.37169999995967373,0.9439999994356185
D:\code\ai_cytometry\data\example_exported_data\opencv_images\2\temp_combined\task_299_9a3f237f--20_dbm.0034.png,temp_combined,0.8553000006941147,0.48720000086177606,1.34529999922961
D:\code\ai_cytometry\data\example_exported_data\opencv_images\2\temp_combined\task_300_3bbcc12b--20_dbm.0035.png,temp_combined,0.3823000006377697,0.4799999987881165,0.8653999993839534
D:\code\ai_cytometry\data\example_exported_data\opencv_images\2\temp_combined\task_301_6f8735a2--20_dbm.0036.png,temp_combined,0.40220000119006727,0.4102000002603745,0.8154999995895196
D:\code\ai_cytometry\data\example_exported_data\opencv_images\2\temp_combined\task_302_a352f4d8--20_dbm.0037.png,temp_combined,0.3203000014764257,0.7851999998820247,1.1082000000897096
D:\code\ai_cytometry\data\example_exported_data\opencv_images\2\temp_combined\task_303_82a01308--20_dbm.0038.png,temp_combined,0.6668000005447539,1.0574999996606493,1.728900000671274
D:\code\ai_cytometry\data\example_exported_data\opencv_images\2\temp_combined\task_304_12105ec3--20_dbm.0039.png,temp_combined,0.3836999985651346,1.7127999999502208,2.1028000010119285
D:\code\ai_cytometry\data\example_exported_data\opencv_images\2\temp_combined\task_305_ac5ea91e--20_dbm.0040.png,temp_combined,0.3291000011813594,0.5099999998492422,0.841200000650133
D:\code\ai_cytometry\data\example_exported_data\opencv_images\2\temp_combined\task_306_5b8bac89--20_dbm.0041.png,temp_combined,0.41740000051504467,0.4532000002654968,0.8742999998503365
D:\code\ai_cytometry\data\example_exported_data\opencv_images\2\temp_combined\task_307_10d0c439--20_dbm.0042.png,temp_combined,0.320099999953527,0.5393999999796506,0.8646999995107763
D:\code\ai_cytometry\data\example_exported_data\opencv_images\2\temp_combined\task_308_19c7c209--20_dbm.0043.png,temp_combined,0.4155000005994225,0.4672999984904891,0.8855999985826202
D:\code\ai_cytometry\data\example_exported_data\opencv_images\2\temp_combined\task_309_9a83b59e--20_dbm.0044.png,temp_combined,0.34410000080242753,0.9124999996856786,1.259500000742264
D:\code\ai_cytometry\data\example_exported_data\opencv_images\2\temp_combined\task_310_4532dbbd--20_dbm.0045.png,temp_combined,0.38550000135728624,1.0521999993216014,1.4406000009330455
D:\code\ai_cytometry\data\example_exported_data\opencv_images\2\temp_combined\task_311_c6c17651--20_dbm.0046.png,temp_combined,0.3663000006781658,0.3405999996175524,0.7100999991962453
D:\code\ai_cytometry\data\example_exported_data\opencv_images\2\temp_combined\task_312_7595a767--20_dbm.0047.png,temp_combined,0.3584000005503185,0.38949999907345045,0.7518000002164626
D:\code\ai_cytometry\data\example_exported_data\opencv_images\2\temp_combined\task_313_abe405ff--20_dbm.0048.png,temp_combined,0.40660000013303943,0.3591999993659556,0.7688999994570622
D:\code\ai_cytometry\data\example_exported_data\opencv_images\2\temp_combined\task_314_747a84e0--20_dbm.0049.png,temp_combined,0.3719000014825724,0.526400001035654,0.9011000001919456
D:\code\ai_cytometry\data\example_exported_data\opencv_images\2\temp_combined\task_315_729ff070--20_dbm.0050.png,temp_combined,0.39280000055441633,0.40159999844036065,0.7980999998835614
D:\code\ai_cytometry\data\example_exported_data\opencv_images\2\temp_combined\task_316_56a71c88--20_dbm.0051.png,temp_combined,0.2808999997796491,0.9248999995179474,1.2075000013282988
D:\code\ai_cytometry\data\example_exported_data\opencv_images\2\temp_combined\task_317_1876405c--20_dbm.0052.png,temp_combined,1.023999999233638,1.5960000000632135,2.6283000006515067
D:\code\ai_cytometry\data\example_exported_data\opencv_images\2\temp_combined\task_318_8b618076--20_dbm.0053.png,temp_combined,0.5008999996789498,0.6460000004153699,1.149900001109927
D:\code\ai_cytometry\data\example_exported_data\opencv_images\2\temp_combined\task_319_c8bb5ecd--20_dbm.0054.png,temp_combined,0.4346000005170936,0.3581000000849599,0.7979999991221121
D:\code\ai_cytometry\data\example_exported_data\opencv_images\2\temp_combined\task_320_db85f87d--20_dbm.0055.png,temp_combined,0.3252000005886657,0.119099999210448,0.44630000047618523
D:\code\ai_cytometry\data\example_exported_data\opencv_images\2\temp_combined\task_321_2aef1489--20_dbm.0056.png,temp_combined,0.6183000004966743,0.18140000065614004,0.8023999998840736
D:\code\ai_cytometry\data\example_exported_data\opencv_images\2\temp_combined\task_322_64027d8d--20_dbm.0057.png,temp_combined,0.33549999898241367,0.24389999998675194,0.5817999990540557
D:\code\ai_cytometry\data\example_exported_data\opencv_images\2\temp_combined\task_323_6819c7f9--20_dbm.0058.png,temp_combined,0.7217000002128771,132.41349999952945,133.14039999931992
D:\code\ai_cytometry\data\example_exported_data\opencv_images\2\temp_combined\task_324_c8057e86--20_dbm.0059.png,temp_combined,0.3904000004695263,0.9422000002814457,1.3351000015973113
D:\code\ai_cytometry\data\example_exported_data\opencv_images\2\temp_combined\task_325_9fc4b2e0--20_dbm.0060.png,temp_combined,0.3901999989466276,0.27910000062547624,0.6716999996569939
D:\code\ai_cytometry\data\example_exported_data\opencv_images\2\temp_combined\task_326_7a8b1e21--20_dbm.0061.png,temp_combined,0.4750000007334165,0.17939999997906853,0.6575000006705523
D:\code\ai_cytometry\data\example_exported_data\opencv_images\2\temp_combined\task_327_6707e8df--20_dbm.0062.png,temp_combined,0.3873000005114591,0.13069999840809032,0.5213000004005153
D:\code\ai_cytometry\data\example_exported_data\opencv_images\2\temp_combined\task_328_bf14e6df--20_dbm.0063.png,temp_combined,0.4177000009804033,0.3212000010535121,0.7428000008076197
D:\code\ai_cytometry\data\example_exported_data\opencv_images\2\temp_combined\task_329_3c73145b--20_dbm.0064.png,temp_combined,0.3974999999627471,0.47590000031050295,0.8761999997659586
D:\code\ai_cytometry\data\example_exported_data\opencv_images\2\temp_combined\task_330_58e39d12--20_dbm.0065.png,temp_combined,0.33059999987017363,0.9793999997782521,1.314299999648938
D:\code\ai_cytometry\data\example_exported_data\opencv_images\2\temp_combined\task_331_8d493cd7--20_dbm.0066.png,temp_combined,0.4299000011087628,0.4546000000118511,0.8870000001479639
D:\code\ai_cytometry\data\example_exported_data\opencv_images\2\temp_combined\task_332_2330df2f--20_dbm.0067.png,temp_combined,0.4112999995413702,0.29710000126215164,0.7120999998733168
D:\code\ai_cytometry\data\example_exported_data\opencv_images\2\temp_combined\task_333_934480bf--20_dbm.0068.png,temp_combined,0.5507000005309237,0.21670000023732428,0.7693999996263301
D:\code\ai_cytometry\data\example_exported_data\opencv_images\2\temp_combined\task_334_37c546d3--20_dbm.0069.png,temp_combined,0.28620000011869706,0.17699999989417847,0.465299999632407
D:\code\ai_cytometry\data\example_exported_data\opencv_images\2\temp_combined\task_335_64fce58a--20_dbm.0070.png,temp_combined,0.41599999894970097,0.44010000056005083,0.8594000009907177
D:\code\ai_cytometry\data\example_exported_data\opencv_images\2\temp_combined\task_336_dee030ed--20_dbm.0071.png,temp_combined,0.34109999978682026,0.6341999996948289,0.9776000006240793
D:\code\ai_cytometry\data\example_exported_data\opencv_images\2\temp_combined\task_337_dd0967fb--20_dbm.0072.png,temp_combined,0.4411000008985866,1.5082000008987961,1.9516000011208234
D:\code\ai_cytometry\data\example_exported_data\opencv_images\2\temp_combined\task_338_8559e70c--20_dbm.0073.png,temp_combined,0.6711000005452661,0.49989999934041407,1.1754000006476417
D:\code\ai_cytometry\data\example_exported_data\opencv_images\2\temp_combined\task_339_aa538f3a--20_dbm.0074.png,temp_combined,0.3586000002542278,0.22250000074564014,0.583500001084758
D:\code\ai_cytometry\data\example_exported_data\opencv_images\2\temp_combined\task_340_08de7e92--20_dbm.0075.png,temp_combined,0.8156000003509689,0.19639999845821876,1.014900000882335
D:\code\ai_cytometry\data\example_exported_data\opencv_images\2\temp_combined\task_341_36de69e7--20_dbm.0076.png,temp_combined,0.5625000012514647,0.12389999938022811,0.6896000013512094
D:\code\ai_cytometry\data\example_exported_data\opencv_images\2\temp_combined\task_342_bc5e7c20--20_dbm.0077.png,temp_combined,0.300599998809048,0.21780000133730937,0.5209999999351567
D:\code\ai_cytometry\data\example_exported_data\opencv_images\2\temp_combined\task_343_3c80293e--20_dbm.0078.png,temp_combined,0.4127000011067139,0.7000999994488666,1.1157000008097384
D:\code\ai_cytometry\data\example_exported_data\opencv_images\2\temp_combined\task_344_fff60131--20_dbm.0079.png,temp_combined,0.6606000006286195,0.7396000000881031,1.4040999994904269
D:\code\ai_cytometry\data\example_exported_data\opencv_images\2\temp_combined\task_345_7e198de4--20_dbm.0080.png,temp_combined,0.3190000006725313,0.1095000006898772,0.4306999999243999
D:\code\ai_cytometry\data\example_exported_data\opencv_images\2\temp_combined\task_346_7e77541e--20_dbm.0081.png,temp_combined,0.39570000080857426,0.07399999958579428,0.4723999991256278
D:\code\ai_cytometry\data\example_exported_data\opencv_images\2\temp_combined\task_347_4aa5eef3--20_dbm.0082.png,temp_combined,0.4380999998829793,0.05019999844080303,0.4910000006930204
D:\code\ai_cytometry\data\example_exported_data\opencv_images\2\temp_combined\task_348_2b96c557--20_dbm.0083.png,temp_combined,0.4166999988228781,0.08230000094044954,0.5025000009482028
D:\code\ai_cytometry\data\example_exported_data\opencv_images\2\temp_combined\task_349_0f3e4c20--20_dbm.0084.png,temp_combined,0.8361000000149943,0.18119999913324136,1.0201999994023936
D:\code\ai_cytometry\data\example_exported_data\opencv_images\2\temp_combined\task_350_cad3743a--20_dbm.0085.png,temp_combined,0.4568999993352918,0.835999999253545,1.2968000010005198
D:\code\ai_cytometry\data\example_exported_data\opencv_images\2\temp_combined\task_351_8d4cff91--20_dbm.0086.png,temp_combined,0.33380000058969017,0.2536000010877615,0.5892999997740844
D:\code\ai_cytometry\data\example_exported_data\opencv_images\2\temp_combined\task_352_a1a7bc1e--20_dbm.0087.png,temp_combined,0.4073000000062166,0.0455999997939216,0.45529999988502823
D:\code\ai_cytometry\data\example_exported_data\opencv_images\2\temp_combined\task_353_3a959aca--20_dbm.0088.png,temp_combined,0.36670000008598436,0.04579999949783087,0.4153000008955132
D:\code\ai_cytometry\data\example_exported_data\opencv_images\2\temp_combined\task_354_a2bf59b9--20_dbm.0089.png,temp_combined,0.3673999999591615,0.04239999907440506,0.4123999988223659
D:\code\ai_cytometry\data\example_exported_data\opencv_images\2\temp_combined\task_355_caca2468--20_dbm.0090.png,temp_combined,0.3023999997822102,0.039399999877787195,0.3432000012253411
D:\code\ai_cytometry\data\example_exported_data\opencv_images\2\temp_combined\task_356_92cac5d8--20_dbm.0091.png,temp_combined,0.413499999922351,0.15890000031504314,0.5750999989686534
D:\code\ai_cytometry\data\example_exported_data\opencv_images\2\temp_combined\task_357_7a0fdd45--20_dbm.0092.png,temp_combined,0.3778000009333482,1.4729999984410824,1.8577000009827316
D:\code\ai_cytometry\data\example_exported_data\opencv_images\2\temp_combined\task_358_2e6a58c5--20_dbm.0093.png,temp_combined,0.3741999989870237,0.32929999906627927,0.7057999991957331
D:\code\ai_cytometry\data\example_exported_data\opencv_images\2\temp_combined\task_359_8f332307--20_dbm.0094.png,temp_combined,0.39339999966614414,0.08239999988290947,0.4788000005646609
D:\code\ai_cytometry\data\example_exported_data\opencv_images\2\temp_combined\task_360_9bccaf3c--20_dbm.0095.png,temp_combined,0.43989999903715216,0.094600000011269,0.5363999989640433
D:\code\ai_cytometry\data\example_exported_data\opencv_images\2\temp_combined\task_361_63041ed6-image_94.png,temp_combined,0.5254000006971182,0.405700000555953,0.9337999999843305
D:\code\ai_cytometry\data\example_exported_data\opencv_images\2\temp_combined\task_362_96ecc395-image_95.png,temp_combined,0.5901999993511708,0.465299999632407,1.0591999998723622
D:\code\ai_cytometry\data\example_exported_data\opencv_images\2\temp_combined\task_363_5fbc8b95-image_96.png,temp_combined,0.3753000000870088,0.34980000054929405,0.7273999999597436
D:\code\ai_cytometry\data\example_exported_data\opencv_images\2\temp_combined\task_364_91a94479-image_97.png,temp_combined,0.35009999919566326,0.4892999986623181,0.8414000003540423
D:\code\ai_cytometry\data\example_exported_data\opencv_images\2\temp_combined\task_365_0fe88be0-image_98.png,temp_combined,0.4398000000946922,0.4518000005191425,0.8950999999797205
D:\code\ai_cytometry\data\example_exported_data\opencv_images\2\temp_combined\task_366_0db64aa5-image_99.png,temp_combined,0.4447999999683816,0.4608999988704454,0.9098999998968793
D:\code\ai_cytometry\data\example_exported_data\opencv_images\2\temp_combined\task_367_122d6ee4-image_0.png,temp_combined,0.4422000001795823,0.4009000003861729,0.8462999994662823
D:\code\ai_cytometry\data\example_exported_data\opencv_images\2\temp_combined\task_368_405b17d1-image_1.png,temp_combined,0.3982999987783842,0.2958999994007172,0.6976000004215166
D:\code\ai_cytometry\data\example_exported_data\opencv_images\2\temp_combined\task_369_c1b138a2-image_2.png,temp_combined,0.3995000006398186,0.342100000125356,0.7439000000886153
D:\code\ai_cytometry\data\example_exported_data\opencv_images\2\temp_combined\task_370_093a413a-image_3.png,temp_combined,0.5448000010801479,0.4214000000501983,0.9695999997347826
D:\code\ai_cytometry\data\example_exported_data\opencv_images\2\temp_combined\task_371_37e8aca9-image_4.png,temp_combined,0.38080000012996607,0.42070000017702114,0.8046000002650544
D:\code\ai_cytometry\data\example_exported_data\opencv_images\2\temp_combined\task_372_769b10ba-image_5.png,temp_combined,0.3656999997474486,0.3436999995756196,0.7117999994079582
D:\code\ai_cytometry\data\example_exported_data\opencv_images\2\temp_combined\task_373_54ca2295-image_6.png,temp_combined,0.5271999998512911,0.3704999999172287,0.9004000003187684
D:\code\ai_cytometry\data\example_exported_data\opencv_images\2\temp_combined\task_374_49e0e472-image_7.png,temp_combined,0.45479999971576035,0.615700000707875,1.074499999958789
D:\code\ai_cytometry\data\example_exported_data\opencv_images\2\temp_combined\task_375_9670c40f-image_8.png,temp_combined,0.3909999995812541,0.39909999941301066,0.7932000007713214
D:\code\ai_cytometry\data\example_exported_data\opencv_images\2\temp_combined\task_376_568cb57d-image_9.png,temp_combined,0.5621000000246568,0.4833000002690824,1.0490999993635342
D:\code\ai_cytometry\data\example_exported_data\opencv_images\2\temp_combined\task_377_a6d42146-image_10.png,temp_combined,0.34279999999853317,0.44299999899521936,0.7891999994171783
D:\code\ai_cytometry\data\example_exported_data\opencv_images\2\temp_combined\task_378_48d90d4c-image_11.png,temp_combined,0.37630000042554457,0.40300000000570435,0.7818000012775883
D:\code\ai_cytometry\data\example_exported_data\opencv_images\2\temp_combined\task_379_a4ac41a2-image_12.png,temp_combined,0.36949999957869295,0.3897000005963491,0.763399999414105
D:\code\ai_cytometry\data\example_exported_data\opencv_images\2\temp_combined\task_380_06765ae5-image_13.png,temp_combined,0.43059999916295055,0.3620999996201135,0.7950999988679541
D:\code\ai_cytometry\data\example_exported_data\opencv_images\2\temp_combined\task_381_9753104d-image_14.png,temp_combined,0.40050000097835436,0.33319999965897296,0.7365000001300359
D:\code\ai_cytometry\data\example_exported_data\opencv_images\2\temp_combined\task_382_a07b5883-image_15.png,temp_combined,0.34870000126829837,0.3538000000844477,0.7057999991957331
D:\code\ai_cytometry\data\example_exported_data\opencv_images\2\temp_combined\task_383_8b85cb80-image_16.png,temp_combined,0.28469999961089343,0.3345000004628673,0.6209000002854737
D:\code\ai_cytometry\data\example_exported_data\opencv_images\2\temp_combined\task_384_1b1a942b-image_17.png,temp_combined,0.3178000006300863,0.3417000007175375,0.662200000078883
D:\code\ai_cytometry\data\example_exported_data\opencv_images\2\temp_combined\task_385_ff45a0c9-image_18.png,temp_combined,0.42659999962779693,0.36290000025474,0.7926000016595935
D:\code\ai_cytometry\data\example_exported_data\opencv_images\2\temp_combined\task_386_b6e098bf-image_19.png,temp_combined,0.5978999997751089,0.4931999992550118,1.0959999999613501
D:\code\ai_cytometry\data\example_exported_data\opencv_images\2\temp_combined\task_387_97846272-image_20.png,temp_combined,0.387399999453919,0.5048000002716435,0.8944000001065433
D:\code\ai_cytometry\data\example_exported_data\opencv_images\2\temp_combined\task_388_7d5bf509-image_21.png,temp_combined,0.39790000118955504,0.3476000001683133,0.7482999990315875
D:\code\ai_cytometry\data\example_exported_data\opencv_images\2\temp_combined\task_389_49a7ee33-image_22.png,temp_combined,0.3851000001304783,0.3754999997909181,0.7648000009794487
D:\code\ai_cytometry\data\example_exported_data\opencv_images\2\temp_combined\task_390_0beb4f6d-image_23.png,temp_combined,0.3067999987251824,0.4668000001402106,0.7753999998385552
D:\code\ai_cytometry\data\example_exported_data\opencv_images\2\temp_combined\task_391_1b036b0b-image_24.png,temp_combined,0.37929999962216243,0.33059999987017363,0.7124999992811354
D:\code\ai_cytometry\data\example_exported_data\opencv_images\2\temp_combined\task_392_3ee9e7c0-image_25.png,temp_combined,0.37850000080652535,0.6071999996493105,0.9898999996948987
D:\code\ai_cytometry\data\example_exported_data\opencv_images\2\temp_combined\task_393_8e0bc43a-image_26.png,temp_combined,0.5347999995137798,0.6685000007564668,1.2076999992132187
D:\code\ai_cytometry\data\example_exported_data\opencv_images\2\temp_combined\task_394_fa4cd05f-image_27.png,temp_combined,0.44999999954598024,0.5799000009574229,1.0337999992771074
D:\code\ai_cytometry\data\example_exported_data\opencv_images\2\temp_combined\task_395_ce679a7f-image_28.png,temp_combined,0.558699999601231,0.45030000001133885,1.0129000002052635
D:\code\ai_cytometry\data\example_exported_data\opencv_images\2\temp_combined\task_396_b1e461cd-image_29.png,temp_combined,0.3210000013496028,0.333100000716513,0.6570000005012844
D:\code\ai_cytometry\data\example_exported_data\opencv_images\2\temp_combined\task_397_310a8c93-image_30.png,temp_combined,0.4341000003478257,0.43650000043271575,0.8736999989196192
D:\code\ai_cytometry\data\example_exported_data\opencv_images\2\temp_combined\task_398_6590c64a-image_31.png,temp_combined,0.4358000005595386,0.473000000056345,0.9116000001085922
D:\code\ai_cytometry\data\example_exported_data\opencv_images\2\temp_combined\task_399_86b8ea34-image_32.png,temp_combined,0.47340000128315296,0.450999999884516,0.9293999992223689
D:\code\ai_cytometry\data\example_exported_data\opencv_images\2\temp_combined\task_400_da368b67-image_33.png,temp_combined,0.44320000051811803,0.3742000008060131,0.8209000006900169
D:\code\ai_cytometry\data\example_exported_data\opencv_images\2\temp_combined\task_401_188f8e50-image_34.png,temp_combined,0.37290000000211876,0.3434999998717103,0.7201000007626135
D:\code\ai_cytometry\data\example_exported_data\opencv_images\2\temp_combined\task_402_5c5d9856-image_35.png,temp_combined,0.4475999994610902,0.4320999996707542,0.8831000013742596
D:\code\ai_cytometry\data\example_exported_data\opencv_images\2\temp_combined\task_403_efce39d2-image_36.png,temp_combined,0.43680000089807436,0.42320000102336053,0.8651000007375842
D:\code\ai_cytometry\data\example_exported_data\opencv_images\2\temp_combined\task_404_f87ba922-image_37.png,temp_combined,0.36670000008598436,0.6589000004169066,1.028700000460958
D:\code\ai_cytometry\data\example_exported_data\opencv_images\2\temp_combined\task_405_ae01e4cc-image_38.png,temp_combined,0.4014999994979007,0.37630000042554457,0.7805999994161539
D:\code\ai_cytometry\data\example_exported_data\opencv_images\2\temp_combined\task_406_ad09410e-image_39.png,temp_combined,0.3524000003380934,0.4233999989082804,0.7781999993312638
D:\code\ai_cytometry\data\example_exported_data\opencv_images\2\temp_combined\task_407_3c20b8f5-image_40.png,temp_combined,0.3842999994958518,0.4318999999668449,0.8194999991246732
D:\code\ai_cytometry\data\example_exported_data\opencv_images\2\temp_combined\task_408_f49a26d4-image_41.png,temp_combined,0.5636000005324604,0.46750000001338776,1.0349000003770925
D:\code\ai_cytometry\data\example_exported_data\opencv_images\2\temp_combined\task_409_db9d6fb8-image_42.png,temp_combined,0.3969999997934792,0.36639999962062575,0.7662999996682629
D:\code\ai_cytometry\data\example_exported_data\opencv_images\2\temp_combined\task_410_f6442878-image_43.png,temp_combined,0.3420000011828961,0.47900000026857015,0.8256000000983477
D:\code\ai_cytometry\data\example_exported_data\opencv_images\2\temp_combined\task_411_42599d6a-image_44.png,temp_combined,0.4231000002619112,0.40839999928721227,0.8340999993379228
D:\code\ai_cytometry\data\example_exported_data\opencv_images\2\temp_combined\task_412_3e1830df-image_45.png,temp_combined,0.3297000002930872,0.38049999966460746,0.7132999999157619
D:\code\ai_cytometry\data\example_exported_data\opencv_images\2\temp_combined\task_413_33f50dfa-image_46.png,temp_combined,0.32359999931941275,0.46180000026652124,0.7872000005590962
D:\code\ai_cytometry\data\example_exported_data\opencv_images\2\temp_combined\task_414_e4cfe123-image_47.png,temp_combined,0.3863000001729233,0.3876000009768177,0.7771000000502681
D:\code\ai_cytometry\data\example_exported_data\opencv_images\2\temp_combined\task_415_9686ec56-image_48.png,temp_combined,0.3882000000885455,0.4231000002619112,0.8159999997587875
D:\code\ai_cytometry\data\example_exported_data\opencv_images\2\temp_combined\task_416_77979d8d-image_49.png,temp_combined,0.39459999970858917,0.549700000192388,0.9480999997322215
D:\code\ai_cytometry\data\example_exported_data\opencv_images\2\temp_combined\task_417_b58246f6-image_50.png,temp_combined,0.3594999998313142,0.5034999994677491,0.8662999989610398
D:\code\ai_cytometry\data\example_exported_data\opencv_images\2\temp_combined\task_418_a1fa8fe6-image_51.png,temp_combined,0.46660000043630134,0.40359999911743216,0.87349999921571
D:\code\ai_cytometry\data\example_exported_data\opencv_images\2\temp_combined\task_419_c7dd6b89-image_52.png,temp_combined,0.4262999991624383,0.6066999994800426,1.036499999827356
D:\code\ai_cytometry\data\example_exported_data\opencv_images\2\temp_combined\task_420_68a9846b-image_53.png,temp_combined,0.2776000001176726,0.39399999877787195,0.673699998515076
D:\code\ai_cytometry\data\example_exported_data\opencv_images\2\temp_combined\task_421_ee997709-image_54.png,temp_combined,0.4685000003519235,0.36530000033963006,0.83710000035353
D:\code\ai_cytometry\data\example_exported_data\opencv_images\2\temp_combined\task_422_5bbccb79-image_55.png,temp_combined,0.35199999911128543,0.493800000185729,0.8483999990858138
D:\code\ai_cytometry\data\example_exported_data\opencv_images\2\temp_combined\task_423_8316a794-image_56.png,temp_combined,0.33790000088629313,0.36919999911333434,0.7108999998308718
D:\code\ai_cytometry\data\example_exported_data\opencv_images\2\temp_combined\task_424_2c9f0b1d-image_57.png,temp_combined,0.3542000013112556,0.4292999983590562,0.7855999992898433
D:\code\ai_cytometry\data\example_exported_data\opencv_images\2\temp_combined\task_425_32911336-image_58.png,temp_combined,0.4256000011082506,0.39929999911691993,0.8283000006485963
D:\code\ai_cytometry\data\example_exported_data\opencv_images\2\temp_combined\task_426_7c1f880f-image_59.png,temp_combined,0.3402999991521938,0.34020000020973384,0.6821999995736405
D:\code\ai_cytometry\data\example_exported_data\opencv_images\2\temp_combined\task_427_d2ec5a17-image_60.png,temp_combined,0.5506999987119343,0.5634999997710111,1.1195999995834427
D:\code\ai_cytometry\data\example_exported_data\opencv_images\2\temp_combined\task_428_960d2c34-image_61.png,temp_combined,0.3773000007640803,0.3381000005902024,0.7178000014391728
D:\code\ai_cytometry\data\example_exported_data\opencv_images\2\temp_combined\task_429_600a9238-image_62.png,temp_combined,0.3620999996201135,0.4349999999249121,0.8001999995030928
D:\code\ai_cytometry\data\example_exported_data\opencv_images\2\temp_combined\task_430_77c36988-image_63.png,temp_combined,0.39850000030128285,0.3911000003427034,0.7929000003059627
D:\code\ai_cytometry\data\example_exported_data\opencv_images\2\temp_combined\task_431_73304d32-image_64.png,temp_combined,0.5387000001064735,0.46860000111337285,1.0117999991052784
D:\code\ai_cytometry\data\example_exported_data\opencv_images\2\temp_combined\task_432_4c7c6045-image_65.png,temp_combined,0.4019999996671686,0.41650000093795825,0.820400000520749
D:\code\ai_cytometry\data\example_exported_data\opencv_images\2\temp_combined\task_433_d8c46e92-image_66.png,temp_combined,0.34559999949124176,0.4257000000507105,0.773900001149741
D:\code\ai_cytometry\data\example_exported_data\opencv_images\2\temp_combined\task_434_c852db96-image_67.png,temp_combined,0.8827999990899116,0.6393999992724275,1.5304999997169944
D:\code\ai_cytometry\data\example_exported_data\opencv_images\2\temp_combined\task_435_6611253d-image_68.png,temp_combined,0.5719999990105862,0.4077000012330245,0.9845999993558507
D:\code\ai_cytometry\data\example_exported_data\opencv_images\2\temp_combined\task_436_7c5f1d18-image_69.png,temp_combined,0.45060000047669746,0.5708999997295905,1.0258999991492601
D:\code\ai_cytometry\data\example_exported_data\opencv_images\2\temp_combined\task_437_34e71f3a-image_70.png,temp_combined,0.7160000004660105,0.48120000064955093,1.2022000009892508
D:\code\ai_cytometry\data\example_exported_data\opencv_images\2\temp_combined\task_438_4b03ea1d-image_71.png,temp_combined,0.38719999975000974,0.3328000002511544,0.7217000002128771
D:\code\ai_cytometry\data\example_exported_data\opencv_images\2\temp_combined\task_439_c0c15db2-image_72.png,temp_combined,0.35059999936493114,0.6069000010029413,0.9603999988030409
D:\code\ai_cytometry\data\example_exported_data\opencv_images\2\temp_combined\task_440_7776d60a-image_73.png,temp_combined,0.4628999995475169,0.7366000008914853,1.2022999999317108
D:\code\ai_cytometry\data\example_exported_data\opencv_images\2\temp_combined\task_441_ccee5242-image_74.png,temp_combined,0.49220000073546544,0.3648999991128221,0.860399999510264
D:\code\ai_cytometry\data\example_exported_data\opencv_images\2\temp_combined\task_442_96547cbb-image_75.png,temp_combined,0.5973000006633811,0.5574999995587859,1.1592000009841286
D:\code\ai_cytometry\data\example_exported_data\opencv_images\2\temp_combined\task_443_1fd50b20-image_76.png,temp_combined,0.3051999992749188,0.5246000000624917,0.8324999998876592
D:\code\ai_cytometry\data\example_exported_data\opencv_images\2\temp_combined\task_444_24d6ef4d-image_77.png,temp_combined,0.4881000004388625,0.6682000002911082,1.1594000006880378
D:\code\ai_cytometry\data\example_exported_data\opencv_images\2\temp_combined\task_445_4efdac5c-image_78.png,temp_combined,0.5240999998932239,0.43110000115120783,0.9611999994376674
D:\code\ai_cytometry\data\example_exported_data\opencv_images\2\temp_combined\task_446_17856b51-image_79.png,temp_combined,0.5043000001023756,0.6735000006301561,1.1823999993794132
D:\code\ai_cytometry\data\example_exported_data\opencv_images\2\temp_combined\task_447_5dc973ec-image_80.png,temp_combined,0.4301000008126721,0.8626999988337047,1.295800000661984
D:\code\ai_cytometry\data\example_exported_data\opencv_images\2\temp_combined\task_448_812430b5-image_81.png,temp_combined,0.5724999991798541,0.6959000002098037,1.2747999990097014
D:\code\ai_cytometry\data\example_exported_data\opencv_images\2\temp_combined\task_449_7d44cd89-image_82.png,temp_combined,0.3964000006817514,0.4274000002624234,0.8278000004793284
D:\code\ai_cytometry\data\example_exported_data\opencv_images\2\temp_combined\task_450_b34bf356-image_83.png,temp_combined,0.44049999996786937,0.5194000004848931,0.9633000008761883
D:\code\ai_cytometry\data\example_exported_data\opencv_images\2\temp_combined\task_451_b52e2613-image_84.png,temp_combined,0.3729999989445787,0.44639999941864517,0.822899999548099
D:\code\ai_cytometry\data\example_exported_data\opencv_images\2\temp_combined\task_452_229391c6-image_85.png,temp_combined,0.3612000000430271,0.35119999847665895,0.7158999997045612
D:\code\ai_cytometry\data\example_exported_data\opencv_images\2\temp_combined\task_453_dd9f1631-image_86.png,temp_combined,0.3156000002491055,0.46639999891340267,0.7850999991205754
D:\code\ai_cytometry\data\example_exported_data\opencv_images\2\temp_combined\task_454_69cdf7a4-image_87.png,temp_combined,0.298099999781698,0.3407000003790017,0.6412000002455898
D:\code\ai_cytometry\data\example_exported_data\opencv_images\2\temp_combined\task_455_92dd90ff-image_88.png,temp_combined,0.3570000008039642,0.4177999999228632,0.7769000003463589
D:\code\ai_cytometry\data\example_exported_data\opencv_images\2\temp_combined\task_456_eef7e6d5-image_89.png,temp_combined,0.4044999986945186,2.0741000007546972,2.482199999576551
D:\code\ai_cytometry\data\example_exported_data\opencv_images\2\temp_combined\task_457_4fbcfe12-image_90.png,temp_combined,0.45760000102745835,0.675299999784329,1.1360999997123145
D:\code\ai_cytometry\data\example_exported_data\opencv_images\2\temp_combined\task_458_41d582c0-image_91.png,temp_combined,0.49529999887454323,0.36609999915526714,0.8654000012029428
D:\code\ai_cytometry\data\example_exported_data\opencv_images\2\temp_combined\task_459_6357849e-image_92.png,temp_combined,0.48160000005736947,0.61949999872013,1.1063000001740875
D:\code\ai_cytometry\data\example_exported_data\opencv_images\2\temp_combined\task_460_7f746120-image_93.png,temp_combined,0.48040000001492444,0.48320000132662244,0.9678000005806098
